{
    "H": -6.310546,
    "C": -142.350346,
    "O": -425.863646
}
